{"cameraMode":{"drawMode":0,"name":"Shaded","section":"Shading Mode"},"sceneLighting":true,"audioPlay":false,"sceneViewState":{"showFog":true,"showMaterialUpdate":false,"showSkybox":true,"showFlares":true,"showImageEffects":true,"showParticleSystems":true},"in2DMode":false,"pivot":{"x":-96.01318359375,"y":18.846118927001954,"z":-140.19790649414063},"rotation":{"x":-0.036423053592443469,"y":0.95903080701828,"z":-0.14524760842323304,"w":-0.24049197137355805},"size":197.70816040039063,"orthographic":false}