{"cameraMode":{"drawMode":0,"name":"Shaded","section":"Shading Mode"},"sceneLighting":false,"audioPlay":false,"sceneViewState":{"showFog":true,"showMaterialUpdate":true,"showSkybox":true,"showFlares":true,"showImageEffects":true,"showParticleSystems":true},"in2DMode":false,"pivot":{"x":4.1990966796875,"y":0.44097900390625,"z":-1.9985980987548829},"rotation":{"x":0.22896786034107209,"y":-0.15343770384788514,"z":0.03657446429133415,"w":0.9605690240859985},"size":7.628048896789551,"orthographic":false}