{"cameraMode":{"drawMode":0,"name":"Shaded","section":"Shading Mode"},"sceneLighting":true,"audioPlay":false,"sceneViewState":{"showFog":true,"showMaterialUpdate":true,"showSkybox":true,"showFlares":true,"showImageEffects":true,"showParticleSystems":true},"in2DMode":false,"pivot":{"x":0.7441576719284058,"y":4.566291332244873,"z":2.338505506515503},"rotation":{"x":-0.13416284322738648,"y":-0.07868918031454086,"z":0.010733189061284066,"w":-0.9877718091011047},"size":15.39415454864502,"orthographic":false}