{"cameraMode":{"drawMode":0,"name":"Shaded","section":"Shading Mode"},"sceneLighting":true,"audioPlay":false,"sceneViewState":{"showFog":true,"showMaterialUpdate":true,"showSkybox":true,"showFlares":true,"showImageEffects":true,"showParticleSystems":true},"in2DMode":false,"pivot":{"x":-2.071636438369751,"y":3.0439815521240236,"z":4.05991268157959},"rotation":{"x":-0.20843671262264253,"y":-0.014662524685263634,"z":0.0031708814203739168,"w":-0.9779208302497864},"size":13.264572143554688,"orthographic":false}