{"cameraMode":{"drawMode":0,"name":"Shaded","section":"Shading Mode"},"sceneLighting":true,"audioPlay":false,"sceneViewState":{"showFog":true,"showMaterialUpdate":true,"showSkybox":true,"showFlares":true,"showImageEffects":true,"showParticleSystems":true},"in2DMode":false,"pivot":{"x":-2.071636438369751,"y":3.0439815521240236,"z":4.05991268157959},"rotation":{"x":-0.3101179897785187,"y":-0.3670909106731415,"z":0.13134464621543885,"w":-0.8670754432678223},"size":16.429853439331056,"orthographic":false}