{"cameraMode":{"drawMode":0,"name":"Shaded","section":"Shading Mode"},"sceneLighting":true,"audioPlay":false,"sceneViewState":{"showFog":true,"showMaterialUpdate":true,"showSkybox":true,"showFlares":true,"showImageEffects":true,"showParticleSystems":true},"in2DMode":false,"pivot":{"x":1.3345319032669068,"y":5.38699197769165,"z":2.6146955490112306},"rotation":{"x":0.10913017392158508,"y":-0.05216216295957565,"z":-0.005727654788643122,"w":-0.9926413297653198},"size":16.72460174560547,"orthographic":false}