{"cameraMode":{"drawMode":0,"name":"Shaded","section":"Shading Mode"},"sceneLighting":false,"audioPlay":false,"sceneViewState":{"showFog":true,"showMaterialUpdate":true,"showSkybox":true,"showFlares":true,"showImageEffects":true,"showParticleSystems":true},"in2DMode":false,"pivot":{"x":0.0,"y":1.100000023841858,"z":0.0010499954223632813},"rotation":{"x":-0.07728894799947739,"y":0.12676867842674256,"z":-0.009906475432217121,"w":-0.9888671040534973},"size":8.246559143066407,"orthographic":false}