{"cameraMode":{"drawMode":0,"name":"Shaded","section":"Shading Mode"},"sceneLighting":true,"audioPlay":false,"sceneViewState":{"showFog":true,"showMaterialUpdate":false,"showSkybox":true,"showFlares":true,"showImageEffects":true,"showParticleSystems":true},"in2DMode":false,"pivot":{"x":17.99582290649414,"y":5.960963726043701,"z":-43.88854217529297},"rotation":{"x":-0.3921304941177368,"y":0.058442067354917529,"z":-0.024972008541226388,"w":-0.9177116751670837},"size":41.33684158325195,"orthographic":false}