{"cameraMode":{"drawMode":0,"name":"Shaded","section":"Shading Mode"},"sceneLighting":true,"audioPlay":false,"sceneViewState":{"showFog":true,"showMaterialUpdate":false,"showSkybox":true,"showFlares":true,"showImageEffects":true,"showParticleSystems":true},"in2DMode":false,"pivot":{"x":8.3478364944458,"y":-1.5807931423187256,"z":-42.000762939453128},"rotation":{"x":-0.2822667360305786,"y":0.06382891535758972,"z":-0.01882602646946907,"w":-0.9570250511169434},"size":17.41743278503418,"orthographic":false}