{"cameraMode":{"drawMode":0,"name":"Shaded","section":"Shading Mode"},"sceneLighting":false,"audioPlay":false,"sceneViewState":{"showFog":true,"showMaterialUpdate":false,"showSkybox":true,"showFlares":true,"showImageEffects":true,"showParticleSystems":true},"in2DMode":false,"pivot":{"x":3.499999523162842,"y":-0.1899999976158142,"z":2.000000476837158},"rotation":{"x":0.05227963998913765,"y":0.8991653919219971,"z":-0.11197896301746369,"w":0.41979655623435976},"size":3.0312459468841554,"orthographic":false}