{"cameraMode":{"drawMode":0,"name":"Shaded","section":"Shading Mode"},"sceneLighting":false,"audioPlay":false,"sceneViewState":{"showFog":true,"showMaterialUpdate":false,"showSkybox":true,"showFlares":true,"showImageEffects":true,"showParticleSystems":true},"in2DMode":false,"pivot":{"x":-24.88068389892578,"y":23.11046028137207,"z":10.074110984802246},"rotation":{"x":-0.25415319204330447,"y":0.7457385063171387,"z":-0.4280707836151123,"w":-0.44275906682014468},"size":251.86749267578126,"orthographic":false}