{"cameraMode":{"drawMode":0,"name":"Shaded","section":"Shading Mode"},"sceneLighting":false,"audioPlay":false,"sceneViewState":{"showFog":true,"showMaterialUpdate":true,"showSkybox":true,"showFlares":true,"showImageEffects":true,"showParticleSystems":true},"in2DMode":false,"pivot":{"x":-75.47796630859375,"y":95.50784301757813,"z":255.14146423339845},"rotation":{"x":-0.03782590478658676,"y":-0.6879086494445801,"z":0.7239192724227905,"w":-0.035943835973739627},"size":593.1670532226563,"orthographic":false}