{"cameraMode":{"drawMode":0,"name":"Shaded","section":"Shading Mode"},"sceneLighting":false,"audioPlay":false,"sceneViewState":{"showFog":true,"showMaterialUpdate":true,"showSkybox":true,"showFlares":true,"showImageEffects":true,"showParticleSystems":true},"in2DMode":false,"pivot":{"x":-320.3173522949219,"y":314.5260009765625,"z":126.92814636230469},"rotation":{"x":-0.019805163145065309,"y":0.924769401550293,"z":-0.37689244747161868,"w":-0.04859519004821777},"size":1318.3890380859375,"orthographic":false}