{"cameraMode":{"drawMode":0,"name":"Shaded","section":"Shading Mode"},"sceneLighting":false,"audioPlay":false,"sceneViewState":{"showFog":true,"showMaterialUpdate":false,"showSkybox":true,"showFlares":true,"showImageEffects":true,"showParticleSystems":true},"in2DMode":false,"pivot":{"x":8.797934532165528,"y":33.6611442565918,"z":-31.87403678894043},"rotation":{"x":-0.38887450098991396,"y":-0.5808749794960022,"z":0.36864471435546877,"w":-0.6127495765686035},"size":50.559814453125,"orthographic":false}