{"cameraMode":{"drawMode":0,"name":"Shaded","section":"Shading Mode"},"sceneLighting":false,"audioPlay":false,"sceneViewState":{"showFog":true,"showMaterialUpdate":false,"showSkybox":true,"showFlares":true,"showImageEffects":true,"showParticleSystems":true},"in2DMode":false,"pivot":{"x":-0.2333661913871765,"y":1.0769970417022706,"z":0.8805344700813294},"rotation":{"x":0.3493632376194,"y":-0.13094015419483186,"z":0.04937515780329704,"w":0.926478385925293},"size":5.35666036605835,"orthographic":false}