{"cameraMode":{"drawMode":0,"name":"Shaded","section":"Shading Mode"},"sceneLighting":false,"audioPlay":false,"sceneViewState":{"showFog":true,"showMaterialUpdate":false,"showSkybox":true,"showFlares":true,"showImageEffects":true,"showParticleSystems":true},"in2DMode":false,"pivot":{"x":2.193270206451416,"y":103.77519226074219,"z":-45.62205123901367},"rotation":{"x":-0.02443365566432476,"y":0.8974769711494446,"z":-0.43752261996269228,"w":-0.05012121424078941},"size":321.8235778808594,"orthographic":false}