{"cameraMode":{"drawMode":0,"name":"Shaded","section":"Shading Mode"},"sceneLighting":false,"audioPlay":false,"sceneViewState":{"showFog":true,"showMaterialUpdate":false,"showSkybox":true,"showFlares":true,"showImageEffects":true,"showParticleSystems":true},"in2DMode":false,"pivot":{"x":12.401227951049805,"y":4.847027778625488,"z":9.573478698730469},"rotation":{"x":0.3772057592868805,"y":0.08483602851629257,"z":-0.03472362831234932,"w":0.9215817451477051},"size":22.0,"orthographic":false}