{"cameraMode":{"drawMode":0,"name":"Shaded","section":"Shading Mode"},"sceneLighting":false,"audioPlay":false,"sceneViewState":{"showFog":true,"showMaterialUpdate":false,"showSkybox":true,"showFlares":true,"showImageEffects":true,"showParticleSystems":true},"in2DMode":false,"pivot":{"x":-3.8356382846832277,"y":0.35790252685546877,"z":-10.01541805267334},"rotation":{"x":-0.07863213866949082,"y":-0.5422743558883667,"z":0.051068857312202457,"w":-0.8349536061286926},"size":16.074337005615236,"orthographic":true}