{"cameraMode":{"drawMode":0,"name":"Shaded","section":"Shading Mode"},"sceneLighting":false,"audioPlay":false,"sceneViewState":{"showFog":true,"showMaterialUpdate":true,"showSkybox":true,"showFlares":true,"showImageEffects":true,"showParticleSystems":true},"in2DMode":false,"pivot":{"x":-46.009056091308597,"y":206.65573120117188,"z":150.14918518066407},"rotation":{"x":0.00018661636568140239,"y":-0.7763776183128357,"z":0.6302679181098938,"w":0.00022969311976339668},"size":316.86566162109377,"orthographic":false}