{"cameraMode":{"drawMode":0,"name":"Shaded","section":"Shading Mode"},"sceneLighting":false,"audioPlay":false,"sceneViewState":{"showFog":true,"showMaterialUpdate":true,"showSkybox":true,"showFlares":true,"showImageEffects":true,"showParticleSystems":true},"in2DMode":false,"pivot":{"x":110.98077392578125,"y":98.62805938720703,"z":230.05471801757813},"rotation":{"x":-0.5793968439102173,"y":-0.004648891277611256,"z":0.0033048212062567474,"w":-0.8150256276130676},"size":131.7370147705078,"orthographic":true}