{"cameraMode":{"drawMode":0,"name":"Shaded","section":"Shading Mode"},"sceneLighting":false,"audioPlay":false,"sceneViewState":{"showFog":true,"showMaterialUpdate":false,"showSkybox":true,"showFlares":true,"showImageEffects":true,"showParticleSystems":true},"in2DMode":false,"pivot":{"x":-1.4263179302215577,"y":-48.002986907958987,"z":21.299983978271486},"rotation":{"x":-0.3469558656215668,"y":-0.6464858055114746,"z":0.4198703169822693,"w":-0.5342159271240234},"size":262.7581481933594,"orthographic":false}