{"cameraMode":{"drawMode":0,"name":"Shaded","section":"Shading Mode"},"sceneLighting":false,"audioPlay":false,"sceneViewState":{"showFog":true,"showMaterialUpdate":false,"showSkybox":true,"showFlares":true,"showImageEffects":true,"showParticleSystems":true},"in2DMode":false,"pivot":{"x":2.8270318508148195,"y":5.095371246337891,"z":1.5401661396026612},"rotation":{"x":0.05227963998913765,"y":0.8991653919219971,"z":-0.11197896301746369,"w":0.41979655623435976},"size":2.025115728378296,"orthographic":false}