{"cameraMode":{"drawMode":0,"name":"Shaded","section":"Shading Mode"},"sceneLighting":false,"audioPlay":false,"sceneViewState":{"showFog":true,"showMaterialUpdate":false,"showSkybox":true,"showFlares":true,"showImageEffects":true,"showParticleSystems":true},"in2DMode":false,"pivot":{"x":-2.3604965209960939,"y":56.333885192871097,"z":80.50062561035156},"rotation":{"x":-0.07824956625699997,"y":-0.11933977156877518,"z":0.009435257874429226,"w":-0.9897202253341675},"size":116.01161193847656,"orthographic":false}