{"cameraMode":{"drawMode":0,"name":"Shaded","section":"Shading Mode"},"sceneLighting":false,"audioPlay":false,"sceneViewState":{"showFog":true,"showMaterialUpdate":true,"showSkybox":true,"showFlares":true,"showImageEffects":true,"showParticleSystems":true},"in2DMode":false,"pivot":{"x":-28.77948570251465,"y":226.12081909179688,"z":-126.3063735961914},"rotation":{"x":0.37516865134239199,"y":-0.5871490240097046,"z":0.3526724576950073,"w":0.6246012449264526},"size":56.655757904052737,"orthographic":false}