{"cameraMode":{"drawMode":0,"name":"Shaded","section":"Shading Mode"},"sceneLighting":false,"audioPlay":false,"sceneViewState":{"showFog":true,"showMaterialUpdate":false,"showSkybox":true,"showFlares":true,"showImageEffects":true,"showParticleSystems":true},"in2DMode":false,"pivot":{"x":5.0,"y":0.529999852180481,"z":0.6458150148391724},"rotation":{"x":0.05227963998913765,"y":0.8991653919219971,"z":-0.11197896301746369,"w":0.41979655623435976},"size":15.650355339050293,"orthographic":false}