{"cameraMode":{"drawMode":0,"name":"Shaded","section":"Shading Mode"},"sceneLighting":false,"audioPlay":false,"sceneViewState":{"showFog":true,"showMaterialUpdate":false,"showSkybox":true,"showFlares":true,"showImageEffects":true,"showParticleSystems":true},"in2DMode":false,"pivot":{"x":-1.1920928955078126e-7,"y":0.06249985098838806,"z":4.76837158203125e-7},"rotation":{"x":-0.1273033767938614,"y":-0.8548891544342041,"z":0.24907000362873078,"w":-0.4369467794895172},"size":10.655365943908692,"orthographic":false}