{"cameraMode":{"drawMode":0,"name":"Shaded","section":"Shading Mode"},"sceneLighting":false,"audioPlay":false,"sceneViewState":{"showFog":true,"showMaterialUpdate":false,"showSkybox":true,"showFlares":true,"showImageEffects":true,"showParticleSystems":true},"in2DMode":false,"pivot":{"x":-7.442887783050537,"y":8.561763763427735,"z":-6.001880645751953},"rotation":{"x":0.018887298181653024,"y":0.032987888902425769,"z":-0.0006235137698240578,"w":0.9992771148681641},"size":53.288818359375,"orthographic":false}