{"cameraMode":{"drawMode":0,"name":"Shaded","section":"Shading Mode"},"sceneLighting":false,"audioPlay":false,"sceneViewState":{"showFog":true,"showMaterialUpdate":false,"showSkybox":true,"showFlares":true,"showImageEffects":true,"showParticleSystems":true},"in2DMode":false,"pivot":{"x":-14.197080612182618,"y":0.12420240789651871,"z":-29.496356964111329},"rotation":{"x":0.20272745192050935,"y":0.7833425998687744,"z":-0.32392147183418276,"w":0.4902559816837311},"size":98.69436645507813,"orthographic":false}