{"cameraMode":{"drawMode":0,"name":"Shaded","section":"Shading Mode"},"sceneLighting":false,"audioPlay":false,"sceneViewState":{"showFog":true,"showMaterialUpdate":false,"showSkybox":true,"showFlares":true,"showImageEffects":true,"showParticleSystems":true},"in2DMode":false,"pivot":{"x":-12.603972434997559,"y":28.643733978271486,"z":3.558089256286621},"rotation":{"x":0.33516284823417666,"y":0.4489007592201233,"z":-0.1864142268896103,"w":0.8070958852767944},"size":205.4497833251953,"orthographic":false}