{"cameraMode":{"drawMode":0,"name":"Shaded","section":"Shading Mode"},"sceneLighting":false,"audioPlay":false,"sceneViewState":{"showFog":true,"showMaterialUpdate":false,"showSkybox":true,"showFlares":true,"showImageEffects":true,"showParticleSystems":true},"in2DMode":false,"pivot":{"x":17.996898651123048,"y":-6.810484886169434,"z":-20.944652557373048},"rotation":{"x":-0.20465978980064393,"y":-0.791864812374115,"z":0.36306869983673098,"w":-0.4463694393634796},"size":45.54815673828125,"orthographic":false}