{"cameraMode":{"drawMode":0,"name":"Shaded","section":"Shading Mode"},"sceneLighting":false,"audioPlay":false,"sceneViewState":{"showFog":true,"showMaterialUpdate":true,"showSkybox":true,"showFlares":true,"showImageEffects":true,"showParticleSystems":true},"in2DMode":false,"pivot":{"x":45.81618881225586,"y":60.31448745727539,"z":363.0508117675781},"rotation":{"x":0.153925359249115,"y":-0.7989851832389832,"z":0.5336916446685791,"w":0.23044075071811677},"size":37.697383880615237,"orthographic":false}