{"cameraMode":{"drawMode":0,"name":"Shaded","section":"Shading Mode"},"sceneLighting":false,"audioPlay":false,"sceneViewState":{"showFog":true,"showMaterialUpdate":true,"showSkybox":true,"showFlares":true,"showImageEffects":true,"showParticleSystems":true},"in2DMode":false,"pivot":{"x":-22.700000762939454,"y":19.079999923706056,"z":63.526004791259769},"rotation":{"x":0.049070436507463458,"y":0.8839433193206787,"z":-0.09529933333396912,"w":0.4551421105861664},"size":13.465538024902344,"orthographic":true}