{"cameraMode":{"drawMode":0,"name":"Shaded","section":"Shading Mode"},"sceneLighting":false,"audioPlay":false,"sceneViewState":{"showFog":true,"showMaterialUpdate":false,"showSkybox":true,"showFlares":true,"showImageEffects":true,"showParticleSystems":true},"in2DMode":false,"pivot":{"x":-312.2327880859375,"y":383.13006591796877,"z":29.340221405029298},"rotation":{"x":-0.24373175203800202,"y":-0.05378563702106476,"z":0.013538744300603867,"w":-0.9682554602622986},"size":541.3953857421875,"orthographic":false}