{"cameraMode":{"drawMode":0,"name":"Shaded","section":"Shading Mode"},"sceneLighting":true,"audioPlay":false,"sceneViewState":{"showFog":true,"showMaterialUpdate":false,"showSkybox":true,"showFlares":true,"showImageEffects":true,"showParticleSystems":true},"in2DMode":false,"pivot":{"x":-3.592439651489258,"y":-3.575176954269409,"z":1.0225647687911988},"rotation":{"x":-0.0732438713312149,"y":-0.07174411416053772,"z":0.005282579455524683,"w":-0.9947161674499512},"size":18.711172103881837,"orthographic":false}