{"cameraMode":{"drawMode":0,"name":"Shaded","section":"Shading Mode"},"sceneLighting":false,"audioPlay":false,"sceneViewState":{"showFog":true,"showMaterialUpdate":false,"showSkybox":true,"showFlares":true,"showImageEffects":true,"showParticleSystems":true},"in2DMode":false,"pivot":{"x":0.0,"y":0.8500000238418579,"z":-0.0010499954223632813},"rotation":{"x":0.06954173743724823,"y":-0.9235708713531494,"z":0.20179110765457154,"w":0.3185298442840576},"size":13.503795623779297,"orthographic":false}