{"cameraMode":{"drawMode":0,"name":"Shaded","section":"Shading Mode"},"sceneLighting":true,"audioPlay":false,"sceneViewState":{"showFog":true,"showMaterialUpdate":false,"showSkybox":true,"showFlares":true,"showImageEffects":true,"showParticleSystems":true},"in2DMode":false,"pivot":{"x":-0.7531070709228516,"y":4.588785171508789,"z":0.8863334655761719},"rotation":{"x":-0.00600076699629426,"y":0.9321102499961853,"z":-0.016979394480586053,"w":-0.3617267608642578},"size":30.288063049316408,"orthographic":false}