{"cameraMode":{"drawMode":0,"name":"Shaded","section":"Shading Mode"},"sceneLighting":true,"audioPlay":false,"sceneViewState":{"showFog":true,"showMaterialUpdate":false,"showSkybox":true,"showFlares":true,"showImageEffects":true,"showParticleSystems":true},"in2DMode":false,"pivot":{"x":-0.09429323673248291,"y":0.6021361351013184,"z":-1.5513112545013428},"rotation":{"x":0.027395417913794519,"y":-0.9714630842208862,"z":0.1408635973930359,"w":0.18885566294193269},"size":16.7376651763916,"orthographic":false}