{"cameraMode":{"drawMode":0,"name":"Shaded","section":"Shading Mode"},"sceneLighting":true,"audioPlay":false,"sceneViewState":{"showFog":true,"showMaterialUpdate":false,"showSkybox":true,"showFlares":true,"showImageEffects":true,"showParticleSystems":true},"in2DMode":false,"pivot":{"x":-1.3589420318603516,"y":-1.642807960510254,"z":1.2549285888671876},"rotation":{"x":0.092549629509449,"y":-0.8553677201271057,"z":0.16416817903518678,"w":0.48252400755882265},"size":20.636613845825197,"orthographic":false}