{"cameraMode":{"drawMode":0,"name":"Shaded","section":"Shading Mode"},"sceneLighting":false,"audioPlay":false,"sceneViewState":{"showFog":true,"showMaterialUpdate":false,"showSkybox":true,"showFlares":true,"showImageEffects":true,"showParticleSystems":true},"in2DMode":false,"pivot":{"x":-1.123723030090332,"y":0.1186409592628479,"z":-1.6812394857406617},"rotation":{"x":0.08238103240728378,"y":-0.9146434664726257,"z":0.2390199601650238,"w":0.3154523968696594},"size":5.686607360839844,"orthographic":false}