{"cameraMode":{"drawMode":0,"name":"Shaded","section":"Shading Mode"},"sceneLighting":false,"audioPlay":false,"sceneViewState":{"showFog":true,"showMaterialUpdate":false,"showSkybox":true,"showFlares":true,"showImageEffects":true,"showParticleSystems":true},"in2DMode":false,"pivot":{"x":0.0,"y":0.8500000238418579,"z":-0.0010499954223632813},"rotation":{"x":0.06954172998666763,"y":-0.9235708117485046,"z":0.20179109275341035,"w":0.31852981448173525},"size":13.503795623779297,"orthographic":false}