{"cameraMode":{"drawMode":0,"name":"Shaded","section":"Shading Mode"},"sceneLighting":true,"audioPlay":false,"sceneViewState":{"showFog":true,"showMaterialUpdate":false,"showSkybox":true,"showFlares":true,"showImageEffects":true,"showParticleSystems":true},"in2DMode":false,"pivot":{"x":-0.6618071794509888,"y":0.4697781801223755,"z":1.0765622854232789},"rotation":{"x":-0.0892828106880188,"y":-0.9086413383483887,"z":0.254410058259964,"w":-0.3188652992248535},"size":19.285594940185548,"orthographic":false}