{"cameraMode":{"drawMode":0,"name":"Shaded","section":"Shading Mode"},"sceneLighting":true,"audioPlay":false,"sceneViewState":{"showFog":true,"showMaterialUpdate":false,"showSkybox":true,"showFlares":true,"showImageEffects":true,"showParticleSystems":true},"in2DMode":false,"pivot":{"x":-11.643006324768067,"y":-2.0599491596221926,"z":9.94363021850586},"rotation":{"x":-0.40793144702911379,"y":-0.021363265812397004,"z":0.00954859796911478,"w":-0.9127126336097717},"size":108.45309448242188,"orthographic":false}